[
  {
    "id": "ac801242-aa55-4a33-8efc-4ebb25158142",
    "data": [
      {
        "text": "drinks and desserts",
        "userDefined": false
      }
    ],
    "isTemplate": false,
    "count": 0,
    "lang": "en",
    "updated": 0
  },
  {
    "id": "842add0f-cb20-48ef-830e-af625184313d",
    "data": [
      {
        "text": "desserts",
        "userDefined": false
      }
    ],
    "isTemplate": false,
    "count": 0,
    "lang": "en",
    "updated": 0
  },
  {
    "id": "6bcfcfaf-d8a6-4eb5-9851-6a61a41d18af",
    "data": [
      {
        "text": "drinks",
        "userDefined": false
      }
    ],
    "isTemplate": false,
    "count": 0,
    "lang": "en",
    "updated": 0
  }
]