[
  {
    "id": "3ee47b7a-b2c7-45cd-a622-5f777507f249",
    "data": [
      {
        "text": "tea",
        "meta": "@sys.any",
        "alias": "any",
        "userDefined": true
      }
    ],
    "isTemplate": false,
    "count": 0,
    "lang": "en",
    "updated": 0
  },
  {
    "id": "661c4c3f-ca4a-4263-a996-65ad58bedeaf",
    "data": [
      {
        "text": "taco",
        "meta": "@sys.any",
        "alias": "any",
        "userDefined": true
      }
    ],
    "isTemplate": false,
    "count": 0,
    "lang": "en",
    "updated": 0
  },
  {
    "id": "fc66a85f-6472-4702-9ea4-1ac1e6fb2293",
    "data": [
      {
        "text": "quesadillas",
        "meta": "@sys.any",
        "alias": "any",
        "userDefined": true
      }
    ],
    "isTemplate": false,
    "count": 0,
    "lang": "en",
    "updated": 0
  },
  {
    "id": "00cb3bdc-ed68-4de9-b512-fb0358461c0d",
    "data": [
      {
        "text": "chicken wings",
        "meta": "@sys.any",
        "alias": "any",
        "userDefined": true
      }
    ],
    "isTemplate": false,
    "count": 0,
    "lang": "en",
    "updated": 0
  },
  {
    "id": "0213a95c-efdc-4e02-ac9d-80b313f09785",
    "data": [
      {
        "text": "garlic bread",
        "meta": "@sys.any",
        "alias": "any",
        "userDefined": true
      }
    ],
    "isTemplate": false,
    "count": 0,
    "lang": "en",
    "updated": 0
  }
]